{"posts":{"items":[{"id":"1","fileName":"the-evolution-of-invoicing-in-the-construction-industry.html","name":"the-evolution-of-invoicing-in-the-construction-industry","publicUrl":"https://editor.nicepageapp.com/3dd52471/5980303/blog/the-evolution-of-invoicing-in-the-construction-industry.html","size":5757,"title":"The Evolution of Invoicing in the Construction Industry","created":1696437512434,"updated":1696493548563,"featured":"https://assets.nicepagecdn.com/3dd52471/5980303/images/1-0.jpeg","excerpt":"Introduction In the bustling world of construction, one element has remained a constant challenge over the decades: invoicing. From handwritten notes to cutting-edge digital platforms, the journey of invoicing in the construction sector mirrors the indust..."},{"id":"2","fileName":"why-ai-is-the-future-of-invoice-generation-for-contractors.html","name":"why-ai-is-the-future-of-invoice-generation-for-contractors","publicUrl":"https://editor.nicepageapp.com/3dd52471/5980303/blog/why-ai-is-the-future-of-invoice-generation-for-contractors.html","size":4980,"title":"Why AI is the Future of Invoice Generation for Contractors","created":1696438406966,"updated":1696493535266,"featured":"https://assets.nicepagecdn.com/3dd52471/5980303/images/24cee4a37be5e16e3280cce7ca97c918ad0f7fbaa7e207d7da272712003cbc08a86c0478f76e08398cf35a3fc8397b0c1ee6c46bca08b239fda42e_1280.jpg","excerpt":"In the digital age, artificial intelligence (AI) has permeated various sectors, and invoicing is no exception. For contractors, AI offers a suite of capabilities that traditional methods can't match.TL;DR:AI-driven invoicing tools provide unmatched effici..."},{"id":"3","fileName":"how-to-streamline-your-construction-business-with-digital-invoicing.html","name":"how-to-streamline-your-construction-business-with-digital-invoicing","publicUrl":"https://editor.nicepageapp.com/3dd52471/5980303/blog/how-to-streamline-your-construction-business-with-digital-invoicing.html","size":4841,"title":"How to Streamline Your Construction Business with Digital Invoicing","created":1696439401777,"updated":1696493529592,"featured":"https://assets.nicepagecdn.com/3dd52471/5980303/images/f98667bee6a901140aacdf765ae1eac3e9536c8edf27dd195e0958dd4e31303d290f04d2d21c714ae2837dfa9e462a6d3cf145dbad4c98896791ef_1280.jpg","excerpt":"Digital transformation is reshaping industries, and for construction businesses, digital invoicing stands out as a game-changer. TL;DR: Adopting digital invoicing can significantly streamline construction operations, from cost-saving to efficient record-k..."},{"id":"4","fileName":"top-5-features-every-contractor-should-look-for-in-an-invoice-generator.html","name":"top-5-features-every-contractor-should-look-for-in-an-invoice-generator","publicUrl":"https://editor.nicepageapp.com/3dd52471/5980303/blog/top-5-features-every-contractor-should-look-for-in-an-invoice-generator.html","size":5072,"title":"Top 5 Features Every Contractor Should Look for in an Invoice Generator","created":1696439574738,"updated":1696493523103,"featured":"https://assets.nicepagecdn.com/3dd52471/5980303/images/db7fc5c0484a4b6d2636323f9f6e6764691a4e82970ccafa7c6f9aa10c3f5201d76af53e26990f9dc1a166f2c24d82d0ee9b326b23c873d8cc23b9_1280.jpg","excerpt":"With a myriad of invoicing tools available, how does a contractor choose? Here are the top features that make an invoice generator stand out.TL;DR: For contractors, the best invoice generators offer AI capabilities, customization, automation, integrations..."},{"id":"5","fileName":"the-importance-of-multi-currency-support-for-european-contractors.html","name":"the-importance-of-multi-currency-support-for-european-contractors","publicUrl":"https://editor.nicepageapp.com/3dd52471/5980303/blog/the-importance-of-multi-currency-support-for-european-contractors.html","size":4735,"title":"The Importance of Multi-Currency Support for European Contractors","created":1696439642987,"updated":1696493516095,"featured":"https://assets.nicepagecdn.com/3dd52471/5980303/images/faa7c7d943c5552a6f9a7c3c685a5f2185f55f45c701c58d5011efdb25ac7610fd5f2d15f11abc8f2c82b0ec6394c4893a5511d909d62471c26549_1280.jpg","excerpt":"Europe's diverse economic landscape demands flexibility, especially when it comes to invoicing. For contractors working across borders, multi-currency support is not a luxury—it's a necessity.TL;DR: Multi-currency invoicing simplifies cross-border transac..."},{"id":"6","fileName":"mobile-invoicing-why-contractors-need-to-bill-on-the-go.html","name":"mobile-invoicing-why-contractors-need-to-bill-on-the-go","publicUrl":"https://editor.nicepageapp.com/3dd52471/5980303/blog/mobile-invoicing-why-contractors-need-to-bill-on-the-go.html","size":4748,"title":"Mobile Invoicing: Why Contractors Need to Bill on the Go","created":1696492626758,"updated":1696493509471,"featured":"https://assets.nicepagecdn.com/3dd52471/5980303/images/aa6f8f7cf4271e8626ac70e6d15d5c5385e27c9b78d4442ed3c83f22296d1f6a1c02ed85e9b8288cccb682c27d9e258106ff76dcc520d847522e8a_1280.jpg","excerpt":"In today's fast-paced world, mobility is king. For contractors, this means the ability to create, send, and manage invoices right from the palm of their hand. TL;DR: Mobile invoicing offers unparalleled flexibility, ensuring contractors can manage their b..."},{"id":"7","fileName":"understanding-the-benefits-of-cloud-based-invoicing-for-construction-professionals.html","name":"understanding-the-benefits-of-cloud-based-invoicing-for-construction-professionals","publicUrl":"https://editor.nicepageapp.com/3dd52471/5980303/blog/understanding-the-benefits-of-cloud-based-invoicing-for-construction-professionals.html","size":4803,"title":"Understanding the Benefits of Cloud-Based Invoicing for Construction Professionals","created":1696492991314,"updated":1696493502513,"featured":"https://assets.nicepagecdn.com/3dd52471/5980303/images/cbff9fdf1cbd860bf5aabeb48ca7f3854db88d134502141d6d8226d80ae1039f71678cdcb47f224ec4c6fd8151e5b170b19fc6b02519b2ebbd06d3_1280.jpg","excerpt":"The digital cloud is more than just a tech buzzword—it's a transformative tool, especially when it comes to invoicing for construction professionals.TL;DR: Cloud-based invoicing offers accessibility, security, and real-time collaboration, making it indisp..."},{"id":"8","fileName":"a-deep-dive-into-build-bills-ai-driven-invoice-creation.html","name":"a-deep-dive-into-build-bills-ai-driven-invoice-creation","publicUrl":"https://editor.nicepageapp.com/3dd52471/5980303/blog/a-deep-dive-into-build-bills-ai-driven-invoice-creation.html","size":4883,"title":"A Deep Dive into Build Bills' AI-Driven Invoice Creation","created":1696493178135,"updated":1696493494418,"featured":"https://assets.nicepagecdn.com/3dd52471/5980303/images/800e0aeab6deac97b089e913c36d7d8c587fd12cb7b418c756143462c25a62008c697009efb9fc7dae88865aa6130beebcf7d28be24e1ecdf60a48_1280.jpg","excerpt":"Artificial Intelligence (AI) is no longer the future—it's the present. At Build Bills, we've harnessed the power of AI to redefine invoice creation for contractors.TL;DR: Build Bills' AI capabilities simplify invoice creation, turning descriptions into st..."},{"id":"9","fileName":"how-to-choose-the-right-invoicing-software-for-your-construction-business.html","name":"how-to-choose-the-right-invoicing-software-for-your-construction-business","publicUrl":"https://editor.nicepageapp.com/3dd52471/5980303/blog/how-to-choose-the-right-invoicing-software-for-your-construction-business.html","size":5328,"title":"How to Choose the Right Invoicing Software for Your Construction Business","created":1696493305393,"updated":1696493409782,"featured":"https://assets.nicepagecdn.com/3dd52471/5980303/images/2598530f6ecf7ac7a16f470fdd9c7e67a7d68b39b4156f627a97757b799202be67c3203cc5d9f5531f0796548df4a55f8ffcdf04f10f729823421d_1280.jpg","excerpt":"Selecting the right invoicing software can make all the difference in streamlining your construction business operations. But with myriad options available, how do you choose? Let's guide you through the process. TL;DR: Identify key features, prioritize s..."},{"id":"10","fileName":"how-to-handle-late-payments-as-a-contractor-best-practices.html","name":"how-to-handle-late-payments-as-a-contractor-best-practices","publicUrl":"https://editor.nicepageapp.com/3dd52471/5980303/blog/how-to-handle-late-payments-as-a-contractor-best-practices.html","size":5060,"title":"How to Handle Late Payments as a Contractor: Best Practices","created":1696493414991,"updated":1696493594990,"featured":"https://assets.nicepagecdn.com/3dd52471/5980303/images/725b41f50c49a8a053fba7314bdddf5136dab2aee373af2e367088ed5d7ff701e1fad379c22422adf99d1f0145f5a37bd122b5f5e6618a22d3db24_1280.jpg","excerpt":"Late payments are an unfortunate reality for many contractors. While they can be challenging, there are effective strategies to handle and even prevent them. TL;DR: Effective communication, clear contract terms, and leveraging invoicing tools can mitigate..."},{"id":"11","fileName":"how-to-create-professional-invoices-that-impress-your-clients.html","name":"how-to-create-professional-invoices-that-impress-your-clients","publicUrl":"https://editor.nicepageapp.com/3dd52471/5980303/blog/how-to-create-professional-invoices-that-impress-your-clients.html","size":4887,"title":"How to Create Professional Invoices that Impress Your Clients","created":1696493547058,"updated":1696494750118,"featured":"https://assets.nicepagecdn.com/3dd52471/5980303/images/37592db8fb375098ef2f3e5bdc30ae4f2684bacdc0f5cf152f2e859bd9735fbc4b985e838f47e1f7be3ea167c8fce52d8300f3496bb5adb4f87552_1280.png","excerpt":"Creating a professional invoice not only ensures you get paid but also leaves a lasting impression on your clients. Here's how to craft an invoice that stands out.TL;DR: Create standout invoices by incorporating branding, offering clarity, including all e..."},{"id":"12","fileName":"how-to-integrate-your-invoicing-tool-with-other-business-software.html","name":"how-to-integrate-your-invoicing-tool-with-other-business-software","publicUrl":"https://editor.nicepageapp.com/3dd52471/5980303/blog/how-to-integrate-your-invoicing-tool-with-other-business-software.html","size":4821,"title":"How to Integrate Your Invoicing Tool with Other Business Software","created":1696493752101,"updated":1696493875231,"featured":"https://assets.nicepagecdn.com/3dd52471/5980303/images/3673428ca1cff2b5f3a0fbe78937cc53dc8e0b017f364703a5c3569fe6b957fd6513066629e02e96f37025b0d3de98c6323b6fe0fc59366fba8c56_1280.jpg","excerpt":"Integration is the key to efficiency. Here's how to seamlessly integrate your invoicing tool with other essential business software.TL;DR: Seamlessly connect your invoicing tool with other software by identifying key tools, exploring native integrations, ..."},{"id":"13","fileName":"how-to-use-analytics-in-your-invoicing-software-for-better-financial-planning.html","name":"how-to-use-analytics-in-your-invoicing-software-for-better-financial-planning","publicUrl":"https://editor.nicepageapp.com/3dd52471/5980303/blog/how-to-use-analytics-in-your-invoicing-software-for-better-financial-planning.html","size":4683,"title":"How to Use Analytics in Your Invoicing Software for Better Financial Planning","created":1696493880118,"updated":1696494113961,"featured":"https://assets.nicepagecdn.com/3dd52471/5980303/images/5ae712899e391300239e0aa07b5adb3c52c99897b33525a29dc917e3bad8cb2d369869e3d88310d92d91cf4098c1a8872916aa7722d34a3c1910cb_1280.jpg","excerpt":"TL;DR: Leverage invoicing software analytics to monitor payment trends, track revenue growth, understand service popularity, set up alerts, and forecast future finances.Invoicing software offers more than just billing. Dive into analytics for better finan..."},{"id":"14","fileName":"how-to-customize-invoice-templates-for-different-construction-projects.html","name":"how-to-customize-invoice-templates-for-different-construction-projects","publicUrl":"https://editor.nicepageapp.com/3dd52471/5980303/blog/how-to-customize-invoice-templates-for-different-construction-projects.html","size":4639,"title":"How to Customize Invoice Templates for Different Construction Projects","created":1696494116777,"updated":1696494362521,"featured":"https://assets.nicepagecdn.com/3dd52471/5980303/images/03a3ad3eb30782a001bba2886aacdc3805e2b057d905e0ea17d58548485dd75cd0cfd40baded50307e07ab2ad75a0eb4c8978c211013e5063b4058_1280.jpg","excerpt":"TL;DR: Tailor invoice templates to each construction project by starting with a base template, adjusting details, layout, and branding, and then saving for future useEvery construction project is unique, and so should be its invoice. Learn to customize te..."}]}}