[{"id":"user-image-business-3d-busnesswoman-thinking-about-work-with-questions-hanging-over-her-head.png","fileName":"business-3d-busnesswoman-thinking-about-work-with-questions-hanging-over-her-head.png","name":"business-3d-busnesswoman-thinking-about-work-with-questions-hanging-over-her-head","publicUrl":"https://assets.nicepagecdn.com/3dd52471/5980303/images/business-3d-busnesswoman-thinking-about-work-with-questions-hanging-over-her-head.png","size":170300,"hash":"N/+AjxxxlRugwlRazErcsbw0NOY=","width":368,"height":491,"folderId":null,"thumbnail":{"url":"https://assets.nicepagecdn.com/3dd52471/5980303/images/thumbnails/business-3d-busnesswoman-thinking-about-work-with-questions-hanging-over-her-head.png","width":112,"height":150},"usages":["27486958"]},{"id":"user-image-business-3d-close-up-of-businessman-in-dark-blue-suit-waving-goodbye.png","fileName":"business-3d-close-up-of-businessman-in-dark-blue-suit-waving-goodbye.png","name":"business-3d-close-up-of-businessman-in-dark-blue-suit-waving-goodbye","publicUrl":"https://assets.nicepagecdn.com/3dd52471/5980303/images/business-3d-close-up-of-businessman-in-dark-blue-suit-waving-goodbye.png","size":134213,"hash":"3tEjtn2/LF/7A8HCbykRvrYBDls=","width":368,"height":313,"folderId":null,"thumbnail":{"url":"https://assets.nicepagecdn.com/3dd52471/5980303/images/thumbnails/business-3d-close-up-of-businessman-in-dark-blue-suit-waving-goodbye.png","width":150,"height":128},"usages":["27486958"]},{"id":"user-image-3207048.png","fileName":"3207048.png","name":"3207048","publicUrl":"https://assets.nicepagecdn.com/3dd52471/5980303/images/3207048.png","size":4396,"hash":"2nJq5hHhp9phO+KOCflX1b0+Zrw=","width":128,"height":128,"folderId":null,"thumbnail":{"url":"https://assets.nicepagecdn.com/3dd52471/5980303/images/3207048.png","width":128,"height":128},"usages":["23002380"]},{"id":"user-image-900967.png","fileName":"900967.png","name":"900967","publicUrl":"https://assets.nicepagecdn.com/3dd52471/5980303/images/900967.png","size":6079,"hash":"7UvIGvx5Q7g/PEgbYJ8jBxFXEG4=","width":128,"height":128,"folderId":null,"thumbnail":{"url":"https://assets.nicepagecdn.com/3dd52471/5980303/images/900967.png","width":128,"height":128},"usages":["23002380"]},{"id":"user-image-1077063.png","fileName":"1077063.png","name":"1077063","publicUrl":"https://assets.nicepagecdn.com/3dd52471/5980303/images/1077063.png","size":3753,"hash":"mXKiEn6VHpDVaS8JSOumMC3ANsI=","width":128,"height":128,"folderId":null,"thumbnail":{"url":"https://assets.nicepagecdn.com/3dd52471/5980303/images/1077063.png","width":128,"height":128},"usages":["23002380"]},{"id":"user-image-9254638.png","fileName":"9254638.png","name":"9254638","publicUrl":"https://assets.nicepagecdn.com/3dd52471/5980303/images/9254638.png","size":2989,"hash":"N3sViwHGQDbShv4jA7frw/In7W0=","width":128,"height":128,"folderId":null,"thumbnail":{"url":"https://assets.nicepagecdn.com/3dd52471/5980303/images/9254638.png","width":128,"height":128},"usages":["23002380"]},{"id":"user-image-3234841.png","fileName":"3234841.png","name":"3234841","publicUrl":"https://assets.nicepagecdn.com/3dd52471/5980303/images/3234841.png","size":6066,"hash":"yJ5GjObK/eUAdpfn5tcE3RhQK+8=","width":128,"height":128,"folderId":null,"thumbnail":{"url":"https://assets.nicepagecdn.com/3dd52471/5980303/images/3234841.png","width":128,"height":128},"usages":["23002380"]},{"id":"user-image-output-onlinepngtools7.png","fileName":"output-onlinepngtools7.png","name":"output-onlinepngtools7","publicUrl":"https://assets.nicepagecdn.com/3dd52471/5980303/images/output-onlinepngtools7.png","size":89664,"hash":"Hqta8zeXAu+Qhs118xPy98kLghI=","width":368,"height":311,"folderId":null,"thumbnail":{"url":"https://assets.nicepagecdn.com/3dd52471/5980303/images/thumbnails/output-onlinepngtools7.png","width":150,"height":127},"usages":["101246606"]},{"id":"user-image-3d-business-two-black-credit-card.png","fileName":"3d-business-two-black-credit-card.png","name":"3d-business-two-black-credit-card","publicUrl":"https://assets.nicepagecdn.com/3dd52471/5980303/images/3d-business-two-black-credit-card.png","size":67768,"hash":"Reh9uN0D+reserP1+axYGN45LPc=","width":368,"height":371,"folderId":null,"thumbnail":{"url":"https://assets.nicepagecdn.com/3dd52471/5980303/images/thumbnails/3d-business-two-black-credit-card.png","width":149,"height":150},"usages":["101246606"]},{"id":"user-image-output-onlinepngtools6.png","fileName":"output-onlinepngtools6.png","name":"output-onlinepngtools6","publicUrl":"https://assets.nicepagecdn.com/3dd52471/5980303/images/output-onlinepngtools6.png","size":83807,"hash":"qbXpRB0Q0CCcm6ZeY4AmTjpaBuY=","width":368,"height":345,"folderId":null,"thumbnail":{"url":"https://assets.nicepagecdn.com/3dd52471/5980303/images/thumbnails/output-onlinepngtools6.png","width":150,"height":141},"usages":["101246606"]},{"id":"user-image-3d-casual-life-paper-folder-with-documents.png","fileName":"3d-casual-life-paper-folder-with-documents.png","name":"3d-casual-life-paper-folder-with-documents","publicUrl":"https://assets.nicepagecdn.com/3dd52471/5980303/images/3d-casual-life-paper-folder-with-documents.png","size":69797,"hash":"UqeaExpqqPbQCJeAM0gX9TkUoKQ=","width":368,"height":362,"folderId":null,"thumbnail":{"url":"https://assets.nicepagecdn.com/3dd52471/5980303/images/thumbnails/3d-casual-life-paper-folder-with-documents.png","width":150,"height":148},"usages":["101246606"]},{"id":"user-image-output-onlinepngtools5.png","fileName":"output-onlinepngtools5.png","name":"output-onlinepngtools5","publicUrl":"https://assets.nicepagecdn.com/3dd52471/5980303/images/output-onlinepngtools5.png","size":74082,"hash":"O91c/3vf6eLuwIGWTFgllsrGEUQ=","width":368,"height":292,"folderId":null,"thumbnail":{"url":"https://assets.nicepagecdn.com/3dd52471/5980303/images/thumbnails/output-onlinepngtools5.png","width":150,"height":119},"usages":["101246606"]},{"id":"user-image-business-3d-close-up-of-businessman-in-dark-blue-suit-with-phone-looking-aside.png","fileName":"business-3d-close-up-of-businessman-in-dark-blue-suit-with-phone-looking-aside.png","name":"business-3d-close-up-of-businessman-in-dark-blue-suit-with-phone-looking-aside","publicUrl":"https://assets.nicepagecdn.com/3dd52471/5980303/images/business-3d-close-up-of-businessman-in-dark-blue-suit-with-phone-looking-aside.png","size":156411,"hash":"yhD2BW+OeWd5fc5fZwhD1ebDU98=","width":368,"height":349,"folderId":null,"thumbnail":{"url":"https://assets.nicepagecdn.com/3dd52471/5980303/images/thumbnails/business-3d-close-up-of-businessman-in-dark-blue-suit-with-phone-looking-aside.png","width":150,"height":142},"usages":["101246606","23002380"]},{"id":"user-image-output-onlinepngtools4.png","fileName":"output-onlinepngtools4.png","name":"output-onlinepngtools4","publicUrl":"https://assets.nicepagecdn.com/3dd52471/5980303/images/output-onlinepngtools4.png","size":128724,"hash":"k6craQ7B+twznLpBI8viNBbHsbY=","width":368,"height":486,"folderId":null,"thumbnail":{"url":"https://assets.nicepagecdn.com/3dd52471/5980303/images/thumbnails/output-onlinepngtools4.png","width":114,"height":150},"usages":["101246606"]},{"id":"user-image-output-onlinepngtools3.png","fileName":"output-onlinepngtools3.png","name":"output-onlinepngtools3","publicUrl":"https://assets.nicepagecdn.com/3dd52471/5980303/images/output-onlinepngtools3.png","size":59024,"hash":"RRMzNj+doNLtBsJao8AFBwmEip0=","width":368,"height":334,"folderId":null,"thumbnail":{"url":"https://assets.nicepagecdn.com/3dd52471/5980303/images/thumbnails/output-onlinepngtools3.png","width":150,"height":136},"usages":[]},{"id":"user-image-1076170.png","fileName":"1076170.png","name":"1076170","publicUrl":"https://assets.nicepagecdn.com/3dd52471/5980303/images/1076170.png","size":3613,"hash":"Q+AHDnnRSr0TdMZoOH0j818i/+c=","width":128,"height":128,"folderId":null,"thumbnail":{"url":"https://assets.nicepagecdn.com/3dd52471/5980303/images/1076170.png","width":128,"height":128},"usages":[]},{"id":"user-image-output-onlinepngtools2.png","fileName":"output-onlinepngtools2.png","name":"output-onlinepngtools2","publicUrl":"https://assets.nicepagecdn.com/3dd52471/5980303/images/output-onlinepngtools2.png","size":62428,"hash":"vctHSoUryapUoDrq7zbDQpArRw0=","width":368,"height":416,"folderId":null,"thumbnail":{"url":"https://assets.nicepagecdn.com/3dd52471/5980303/images/thumbnails/output-onlinepngtools2.png","width":133,"height":150},"usages":["101246606"]},{"id":"user-image-output-onlinepngtools1.png","fileName":"output-onlinepngtools1.png","name":"output-onlinepngtools1","publicUrl":"https://assets.nicepagecdn.com/3dd52471/5980303/images/output-onlinepngtools1.png","size":59056,"hash":"TyKuj/grZw8GgOlnHvb9nPMmjwI=","width":367,"height":364,"folderId":null,"thumbnail":{"url":"https://assets.nicepagecdn.com/3dd52471/5980303/images/thumbnails/output-onlinepngtools1.png","width":150,"height":149},"usages":[]},{"id":"user-image-3d-blocks-blocks-composition-79.png","fileName":"3d-blocks-blocks-composition-79.png","name":"3d-blocks-blocks-composition-79","publicUrl":"https://assets.nicepagecdn.com/3dd52471/5980303/images/3d-blocks-blocks-composition-79.png","size":987897,"hash":"Nopi7qaDZoBE4SWgqI4cJlyITkg=","width":1293,"height":1289,"folderId":null,"thumbnail":{"url":"https://assets.nicepagecdn.com/3dd52471/5980303/images/thumbnails/3d-blocks-blocks-composition-79.png","width":150,"height":150},"usages":["101246606"]},{"id":"user-image-03a3ad3eb30782a001bba2886aacdc3805e2b057d905e0ea17d58548485dd75cd0cfd40baded50307e07ab2ad75a0eb4c8978c211013e5063b4058_1280.jpg","fileName":"03a3ad3eb30782a001bba2886aacdc3805e2b057d905e0ea17d58548485dd75cd0cfd40baded50307e07ab2ad75a0eb4c8978c211013e5063b4058_1280.jpg","name":"03a3ad3eb30782a001bba2886aacdc3805e2b057d905e0ea17d58548485dd75cd0cfd40baded50307e07ab2ad75a0eb4c8978c211013e5063b4058_1280","publicUrl":"https://assets.nicepagecdn.com/3dd52471/5980303/images/03a3ad3eb30782a001bba2886aacdc3805e2b057d905e0ea17d58548485dd75cd0cfd40baded50307e07ab2ad75a0eb4c8978c211013e5063b4058_1280.jpg","size":222827,"hash":"sU8pn6gxyxOl0CoWIo3lCCZ+vJ8=","width":1280,"height":853,"folderId":null,"thumbnail":{"url":"https://assets.nicepagecdn.com/3dd52471/5980303/images/thumbnails/03a3ad3eb30782a001bba2886aacdc3805e2b057d905e0ea17d58548485dd75cd0cfd40baded50307e07ab2ad75a0eb4c8978c211013e5063b4058_1280.jpg","width":150,"height":100},"usages":["287359433","351415325","949200290"]},{"id":"user-image-dfdb6fd7b75832d2d3a72b6408aeadb13d80ccc73f03290923d47685babeae54ffd2ab9bb9e7b5c0aba099347fb7b9ba6f70fee07caf145853c612_1280.jpg","fileName":"dfdb6fd7b75832d2d3a72b6408aeadb13d80ccc73f03290923d47685babeae54ffd2ab9bb9e7b5c0aba099347fb7b9ba6f70fee07caf145853c612_1280.jpg","name":"dfdb6fd7b75832d2d3a72b6408aeadb13d80ccc73f03290923d47685babeae54ffd2ab9bb9e7b5c0aba099347fb7b9ba6f70fee07caf145853c612_1280","publicUrl":"https://assets.nicepagecdn.com/3dd52471/5980303/images/dfdb6fd7b75832d2d3a72b6408aeadb13d80ccc73f03290923d47685babeae54ffd2ab9bb9e7b5c0aba099347fb7b9ba6f70fee07caf145853c612_1280.jpg","size":46564,"hash":"B+tYc4mS+vNByuXnxQYbDtTp2ao=","width":1280,"height":1280,"folderId":null,"thumbnail":{"url":"https://assets.nicepagecdn.com/3dd52471/5980303/images/thumbnails/dfdb6fd7b75832d2d3a72b6408aeadb13d80ccc73f03290923d47685babeae54ffd2ab9bb9e7b5c0aba099347fb7b9ba6f70fee07caf145853c612_1280.jpg","width":150,"height":150},"usages":[]},{"id":"user-image-5ae712899e391300239e0aa07b5adb3c52c99897b33525a29dc917e3bad8cb2d369869e3d88310d92d91cf4098c1a8872916aa7722d34a3c1910cb_1280.jpg","fileName":"5ae712899e391300239e0aa07b5adb3c52c99897b33525a29dc917e3bad8cb2d369869e3d88310d92d91cf4098c1a8872916aa7722d34a3c1910cb_1280.jpg","name":"5ae712899e391300239e0aa07b5adb3c52c99897b33525a29dc917e3bad8cb2d369869e3d88310d92d91cf4098c1a8872916aa7722d34a3c1910cb_1280","publicUrl":"https://assets.nicepagecdn.com/3dd52471/5980303/images/5ae712899e391300239e0aa07b5adb3c52c99897b33525a29dc917e3bad8cb2d369869e3d88310d92d91cf4098c1a8872916aa7722d34a3c1910cb_1280.jpg","size":160108,"hash":"p3Fqva6F9vJtnxDqKKc+P4JcLcY=","width":1280,"height":783,"folderId":null,"thumbnail":{"url":"https://assets.nicepagecdn.com/3dd52471/5980303/images/thumbnails/5ae712899e391300239e0aa07b5adb3c52c99897b33525a29dc917e3bad8cb2d369869e3d88310d92d91cf4098c1a8872916aa7722d34a3c1910cb_1280.jpg","width":150,"height":92},"usages":["287359433","351415325"]},{"id":"user-image-3673428ca1cff2b5f3a0fbe78937cc53dc8e0b017f364703a5c3569fe6b957fd6513066629e02e96f37025b0d3de98c6323b6fe0fc59366fba8c56_1280.jpg","fileName":"3673428ca1cff2b5f3a0fbe78937cc53dc8e0b017f364703a5c3569fe6b957fd6513066629e02e96f37025b0d3de98c6323b6fe0fc59366fba8c56_1280.jpg","name":"3673428ca1cff2b5f3a0fbe78937cc53dc8e0b017f364703a5c3569fe6b957fd6513066629e02e96f37025b0d3de98c6323b6fe0fc59366fba8c56_1280","publicUrl":"https://assets.nicepagecdn.com/3dd52471/5980303/images/3673428ca1cff2b5f3a0fbe78937cc53dc8e0b017f364703a5c3569fe6b957fd6513066629e02e96f37025b0d3de98c6323b6fe0fc59366fba8c56_1280.jpg","size":265896,"hash":"D4suQXwQb6f/mc2jbAKVSR+bwP0=","width":1280,"height":686,"folderId":null,"thumbnail":{"url":"https://assets.nicepagecdn.com/3dd52471/5980303/images/thumbnails/3673428ca1cff2b5f3a0fbe78937cc53dc8e0b017f364703a5c3569fe6b957fd6513066629e02e96f37025b0d3de98c6323b6fe0fc59366fba8c56_1280.jpg","width":150,"height":80},"usages":["287359433","351415325"]},{"id":"user-image-37592db8fb375098ef2f3e5bdc30ae4f2684bacdc0f5cf152f2e859bd9735fbc4b985e838f47e1f7be3ea167c8fce52d8300f3496bb5adb4f87552_1280.png","fileName":"37592db8fb375098ef2f3e5bdc30ae4f2684bacdc0f5cf152f2e859bd9735fbc4b985e838f47e1f7be3ea167c8fce52d8300f3496bb5adb4f87552_1280.png","name":"37592db8fb375098ef2f3e5bdc30ae4f2684bacdc0f5cf152f2e859bd9735fbc4b985e838f47e1f7be3ea167c8fce52d8300f3496bb5adb4f87552_1280","publicUrl":"https://assets.nicepagecdn.com/3dd52471/5980303/images/37592db8fb375098ef2f3e5bdc30ae4f2684bacdc0f5cf152f2e859bd9735fbc4b985e838f47e1f7be3ea167c8fce52d8300f3496bb5adb4f87552_1280.png","size":94316,"hash":"4vjIHNzAeGDUUpcgODg3HOIuEUk=","width":1280,"height":915,"folderId":null,"thumbnail":{"url":"https://assets.nicepagecdn.com/3dd52471/5980303/images/thumbnails/37592db8fb375098ef2f3e5bdc30ae4f2684bacdc0f5cf152f2e859bd9735fbc4b985e838f47e1f7be3ea167c8fce52d8300f3496bb5adb4f87552_1280.png","width":150,"height":107},"usages":["287359433","351415325"]},{"id":"user-image-725b41f50c49a8a053fba7314bdddf5136dab2aee373af2e367088ed5d7ff701e1fad379c22422adf99d1f0145f5a37bd122b5f5e6618a22d3db24_1280.jpg","fileName":"725b41f50c49a8a053fba7314bdddf5136dab2aee373af2e367088ed5d7ff701e1fad379c22422adf99d1f0145f5a37bd122b5f5e6618a22d3db24_1280.jpg","name":"725b41f50c49a8a053fba7314bdddf5136dab2aee373af2e367088ed5d7ff701e1fad379c22422adf99d1f0145f5a37bd122b5f5e6618a22d3db24_1280","publicUrl":"https://assets.nicepagecdn.com/3dd52471/5980303/images/725b41f50c49a8a053fba7314bdddf5136dab2aee373af2e367088ed5d7ff701e1fad379c22422adf99d1f0145f5a37bd122b5f5e6618a22d3db24_1280.jpg","size":203159,"hash":"M5jQLPzPoKo0YBX9UZai9Akj6V4=","width":1280,"height":853,"folderId":null,"thumbnail":{"url":"https://assets.nicepagecdn.com/3dd52471/5980303/images/thumbnails/725b41f50c49a8a053fba7314bdddf5136dab2aee373af2e367088ed5d7ff701e1fad379c22422adf99d1f0145f5a37bd122b5f5e6618a22d3db24_1280.jpg","width":150,"height":100},"usages":["287359433","351415325"]},{"id":"user-image-2598530f6ecf7ac7a16f470fdd9c7e67a7d68b39b4156f627a97757b799202be67c3203cc5d9f5531f0796548df4a55f8ffcdf04f10f729823421d_1280.jpg","fileName":"2598530f6ecf7ac7a16f470fdd9c7e67a7d68b39b4156f627a97757b799202be67c3203cc5d9f5531f0796548df4a55f8ffcdf04f10f729823421d_1280.jpg","name":"2598530f6ecf7ac7a16f470fdd9c7e67a7d68b39b4156f627a97757b799202be67c3203cc5d9f5531f0796548df4a55f8ffcdf04f10f729823421d_1280","publicUrl":"https://assets.nicepagecdn.com/3dd52471/5980303/images/2598530f6ecf7ac7a16f470fdd9c7e67a7d68b39b4156f627a97757b799202be67c3203cc5d9f5531f0796548df4a55f8ffcdf04f10f729823421d_1280.jpg","size":53084,"hash":"F3T70APlzMkb+7x0wXJN/3wf1Pk=","width":1280,"height":826,"folderId":null,"thumbnail":{"url":"https://assets.nicepagecdn.com/3dd52471/5980303/images/thumbnails/2598530f6ecf7ac7a16f470fdd9c7e67a7d68b39b4156f627a97757b799202be67c3203cc5d9f5531f0796548df4a55f8ffcdf04f10f729823421d_1280.jpg","width":150,"height":97},"usages":["351415325","27486958"]},{"id":"user-image-800e0aeab6deac97b089e913c36d7d8c587fd12cb7b418c756143462c25a62008c697009efb9fc7dae88865aa6130beebcf7d28be24e1ecdf60a48_1280.jpg","fileName":"800e0aeab6deac97b089e913c36d7d8c587fd12cb7b418c756143462c25a62008c697009efb9fc7dae88865aa6130beebcf7d28be24e1ecdf60a48_1280.jpg","name":"800e0aeab6deac97b089e913c36d7d8c587fd12cb7b418c756143462c25a62008c697009efb9fc7dae88865aa6130beebcf7d28be24e1ecdf60a48_1280","publicUrl":"https://assets.nicepagecdn.com/3dd52471/5980303/images/800e0aeab6deac97b089e913c36d7d8c587fd12cb7b418c756143462c25a62008c697009efb9fc7dae88865aa6130beebcf7d28be24e1ecdf60a48_1280.jpg","size":337783,"hash":"0rw6LZGDupYh2KibX/N2w/yoQ1w=","width":1280,"height":853,"folderId":null,"thumbnail":{"url":"https://assets.nicepagecdn.com/3dd52471/5980303/images/thumbnails/800e0aeab6deac97b089e913c36d7d8c587fd12cb7b418c756143462c25a62008c697009efb9fc7dae88865aa6130beebcf7d28be24e1ecdf60a48_1280.jpg","width":150,"height":100},"usages":["351415325"]},{"id":"user-image-cbff9fdf1cbd860bf5aabeb48ca7f3854db88d134502141d6d8226d80ae1039f71678cdcb47f224ec4c6fd8151e5b170b19fc6b02519b2ebbd06d3_1280.jpg","fileName":"cbff9fdf1cbd860bf5aabeb48ca7f3854db88d134502141d6d8226d80ae1039f71678cdcb47f224ec4c6fd8151e5b170b19fc6b02519b2ebbd06d3_1280.jpg","name":"cbff9fdf1cbd860bf5aabeb48ca7f3854db88d134502141d6d8226d80ae1039f71678cdcb47f224ec4c6fd8151e5b170b19fc6b02519b2ebbd06d3_1280","publicUrl":"https://assets.nicepagecdn.com/3dd52471/5980303/images/cbff9fdf1cbd860bf5aabeb48ca7f3854db88d134502141d6d8226d80ae1039f71678cdcb47f224ec4c6fd8151e5b170b19fc6b02519b2ebbd06d3_1280.jpg","size":227822,"hash":"qSwGB1R9YQ20Ntg3T1Wei+Pcmx8=","width":1280,"height":633,"folderId":null,"thumbnail":{"url":"https://assets.nicepagecdn.com/3dd52471/5980303/images/thumbnails/cbff9fdf1cbd860bf5aabeb48ca7f3854db88d134502141d6d8226d80ae1039f71678cdcb47f224ec4c6fd8151e5b170b19fc6b02519b2ebbd06d3_1280.jpg","width":150,"height":74},"usages":["351415325"]},{"id":"user-image-aa6f8f7cf4271e8626ac70e6d15d5c5385e27c9b78d4442ed3c83f22296d1f6a1c02ed85e9b8288cccb682c27d9e258106ff76dcc520d847522e8a_1280.jpg","fileName":"aa6f8f7cf4271e8626ac70e6d15d5c5385e27c9b78d4442ed3c83f22296d1f6a1c02ed85e9b8288cccb682c27d9e258106ff76dcc520d847522e8a_1280.jpg","name":"aa6f8f7cf4271e8626ac70e6d15d5c5385e27c9b78d4442ed3c83f22296d1f6a1c02ed85e9b8288cccb682c27d9e258106ff76dcc520d847522e8a_1280","publicUrl":"https://assets.nicepagecdn.com/3dd52471/5980303/images/aa6f8f7cf4271e8626ac70e6d15d5c5385e27c9b78d4442ed3c83f22296d1f6a1c02ed85e9b8288cccb682c27d9e258106ff76dcc520d847522e8a_1280.jpg","size":206645,"hash":"P8o8NvZPEB3AjE6mu8N4G+7dq+w=","width":1280,"height":853,"folderId":null,"thumbnail":{"url":"https://assets.nicepagecdn.com/3dd52471/5980303/images/thumbnails/aa6f8f7cf4271e8626ac70e6d15d5c5385e27c9b78d4442ed3c83f22296d1f6a1c02ed85e9b8288cccb682c27d9e258106ff76dcc520d847522e8a_1280.jpg","width":150,"height":100},"usages":["351415325"]},{"id":"user-image-faa7c7d943c5552a6f9a7c3c685a5f2185f55f45c701c58d5011efdb25ac7610fd5f2d15f11abc8f2c82b0ec6394c4893a5511d909d62471c26549_1280.jpg","fileName":"faa7c7d943c5552a6f9a7c3c685a5f2185f55f45c701c58d5011efdb25ac7610fd5f2d15f11abc8f2c82b0ec6394c4893a5511d909d62471c26549_1280.jpg","name":"faa7c7d943c5552a6f9a7c3c685a5f2185f55f45c701c58d5011efdb25ac7610fd5f2d15f11abc8f2c82b0ec6394c4893a5511d909d62471c26549_1280","publicUrl":"https://assets.nicepagecdn.com/3dd52471/5980303/images/faa7c7d943c5552a6f9a7c3c685a5f2185f55f45c701c58d5011efdb25ac7610fd5f2d15f11abc8f2c82b0ec6394c4893a5511d909d62471c26549_1280.jpg","size":454882,"hash":"ynZ+vzAaGv7k+sQlBmvJjskT1ik=","width":1280,"height":853,"folderId":null,"thumbnail":{"url":"https://assets.nicepagecdn.com/3dd52471/5980303/images/thumbnails/faa7c7d943c5552a6f9a7c3c685a5f2185f55f45c701c58d5011efdb25ac7610fd5f2d15f11abc8f2c82b0ec6394c4893a5511d909d62471c26549_1280.jpg","width":150,"height":100},"usages":["351415325"]},{"id":"user-image-db7fc5c0484a4b6d2636323f9f6e6764691a4e82970ccafa7c6f9aa10c3f5201d76af53e26990f9dc1a166f2c24d82d0ee9b326b23c873d8cc23b9_1280.jpg","fileName":"db7fc5c0484a4b6d2636323f9f6e6764691a4e82970ccafa7c6f9aa10c3f5201d76af53e26990f9dc1a166f2c24d82d0ee9b326b23c873d8cc23b9_1280.jpg","name":"db7fc5c0484a4b6d2636323f9f6e6764691a4e82970ccafa7c6f9aa10c3f5201d76af53e26990f9dc1a166f2c24d82d0ee9b326b23c873d8cc23b9_1280","publicUrl":"https://assets.nicepagecdn.com/3dd52471/5980303/images/db7fc5c0484a4b6d2636323f9f6e6764691a4e82970ccafa7c6f9aa10c3f5201d76af53e26990f9dc1a166f2c24d82d0ee9b326b23c873d8cc23b9_1280.jpg","size":176707,"hash":"egeE/0pXiaHLwCKJMKffFGhWCmY=","width":1280,"height":853,"folderId":null,"thumbnail":{"url":"https://assets.nicepagecdn.com/3dd52471/5980303/images/thumbnails/db7fc5c0484a4b6d2636323f9f6e6764691a4e82970ccafa7c6f9aa10c3f5201d76af53e26990f9dc1a166f2c24d82d0ee9b326b23c873d8cc23b9_1280.jpg","width":150,"height":100},"usages":["351415325"]},{"id":"user-image-f98667bee6a901140aacdf765ae1eac3e9536c8edf27dd195e0958dd4e31303d290f04d2d21c714ae2837dfa9e462a6d3cf145dbad4c98896791ef_1280.jpg","fileName":"f98667bee6a901140aacdf765ae1eac3e9536c8edf27dd195e0958dd4e31303d290f04d2d21c714ae2837dfa9e462a6d3cf145dbad4c98896791ef_1280.jpg","name":"f98667bee6a901140aacdf765ae1eac3e9536c8edf27dd195e0958dd4e31303d290f04d2d21c714ae2837dfa9e462a6d3cf145dbad4c98896791ef_1280","publicUrl":"https://assets.nicepagecdn.com/3dd52471/5980303/images/f98667bee6a901140aacdf765ae1eac3e9536c8edf27dd195e0958dd4e31303d290f04d2d21c714ae2837dfa9e462a6d3cf145dbad4c98896791ef_1280.jpg","size":220913,"hash":"j2yJRfxcihOt4md32XAj4aXaOf8=","width":1280,"height":853,"folderId":null,"thumbnail":{"url":"https://assets.nicepagecdn.com/3dd52471/5980303/images/thumbnails/f98667bee6a901140aacdf765ae1eac3e9536c8edf27dd195e0958dd4e31303d290f04d2d21c714ae2837dfa9e462a6d3cf145dbad4c98896791ef_1280.jpg","width":150,"height":100},"usages":["351415325"]},{"id":"user-image-24cee4a37be5e16e3280cce7ca97c918ad0f7fbaa7e207d7da272712003cbc08a86c0478f76e08398cf35a3fc8397b0c1ee6c46bca08b239fda42e_1280.jpg","fileName":"24cee4a37be5e16e3280cce7ca97c918ad0f7fbaa7e207d7da272712003cbc08a86c0478f76e08398cf35a3fc8397b0c1ee6c46bca08b239fda42e_1280.jpg","name":"24cee4a37be5e16e3280cce7ca97c918ad0f7fbaa7e207d7da272712003cbc08a86c0478f76e08398cf35a3fc8397b0c1ee6c46bca08b239fda42e_1280","publicUrl":"https://assets.nicepagecdn.com/3dd52471/5980303/images/24cee4a37be5e16e3280cce7ca97c918ad0f7fbaa7e207d7da272712003cbc08a86c0478f76e08398cf35a3fc8397b0c1ee6c46bca08b239fda42e_1280.jpg","size":180948,"hash":"h2WLGfnFUZHrCb0QIZ5pzgSZCwA=","width":1280,"height":675,"folderId":null,"thumbnail":{"url":"https://assets.nicepagecdn.com/3dd52471/5980303/images/thumbnails/24cee4a37be5e16e3280cce7ca97c918ad0f7fbaa7e207d7da272712003cbc08a86c0478f76e08398cf35a3fc8397b0c1ee6c46bca08b239fda42e_1280.jpg","width":150,"height":79},"usages":["351415325"]},{"id":"user-image-1-0.jpeg","fileName":"1-0.jpeg","name":"1-0","publicUrl":"https://assets.nicepagecdn.com/3dd52471/5980303/images/1-0.jpeg","size":379948,"hash":"hWjNZLYoo4ymUYtOvEaOS1/LA10=","width":1500,"height":1000,"folderId":null,"thumbnail":{"url":"https://assets.nicepagecdn.com/3dd52471/5980303/images/thumbnails/1-0.jpeg","width":150,"height":100},"usages":["351415325"]},{"id":"user-image-ee95ca1139898e5d976a813c64f6042d7782f151d176d99e5492ff967f16c978d55aeba0ef0ec4866298843a5848d2bd5c52c5e2c3eee6b1c6ac0d_1280.jpg","fileName":"ee95ca1139898e5d976a813c64f6042d7782f151d176d99e5492ff967f16c978d55aeba0ef0ec4866298843a5848d2bd5c52c5e2c3eee6b1c6ac0d_1280.jpg","name":"ee95ca1139898e5d976a813c64f6042d7782f151d176d99e5492ff967f16c978d55aeba0ef0ec4866298843a5848d2bd5c52c5e2c3eee6b1c6ac0d_1280","publicUrl":"https://assets.nicepagecdn.com/3dd52471/5980303/images/ee95ca1139898e5d976a813c64f6042d7782f151d176d99e5492ff967f16c978d55aeba0ef0ec4866298843a5848d2bd5c52c5e2c3eee6b1c6ac0d_1280.jpg","size":219951,"hash":"ZOmk+OYlS/mwgJnrdXq4jlNBCpo=","width":1280,"height":828,"folderId":null,"thumbnail":{"url":"https://assets.nicepagecdn.com/3dd52471/5980303/images/thumbnails/ee95ca1139898e5d976a813c64f6042d7782f151d176d99e5492ff967f16c978d55aeba0ef0ec4866298843a5848d2bd5c52c5e2c3eee6b1c6ac0d_1280.jpg","width":150,"height":97},"usages":[]},{"id":"user-image-image13.png","fileName":"image13.png","name":"image13","publicUrl":"https://assets.nicepagecdn.com/3dd52471/5980303/images/image13.png","size":52018,"hash":"+RgdaguuD3FJZzMWt0IZj7Pvq8o=","width":640,"height":390,"folderId":null,"thumbnail":{"url":"https://assets.nicepagecdn.com/3dd52471/5980303/images/thumbnails/image13.png","width":150,"height":91},"usages":["287359433","23002380"]},{"id":"user-image-3d-business-young-woman-waving-her-hand-while-sitting-at-the-computer.png","fileName":"3d-business-young-woman-waving-her-hand-while-sitting-at-the-computer.png","name":"3d-business-young-woman-waving-her-hand-while-sitting-at-the-computer","publicUrl":"https://assets.nicepagecdn.com/3dd52471/5980303/images/3d-business-young-woman-waving-her-hand-while-sitting-at-the-computer.png","size":168526,"hash":"iTldQojjS1mXxjJxylq3sL2lLuk=","width":368,"height":405,"folderId":null,"thumbnail":{"url":"https://assets.nicepagecdn.com/3dd52471/5980303/images/thumbnails/3d-business-young-woman-waving-her-hand-while-sitting-at-the-computer.png","width":136,"height":150},"usages":["287359433","23002380"]},{"id":"user-image-square-payments-logo-png-transparent-background-vertical.png","fileName":"square-payments-logo-png-transparent-background-vertical.png","name":"square-payments-logo-png-transparent-background-vertical","publicUrl":"https://assets.nicepagecdn.com/3dd52471/5980303/images/square-payments-logo-png-transparent-background-vertical.png","size":21293,"hash":"4UtvbgbNV2Vv3YIUPn/nVSYxmEw=","width":504,"height":319,"folderId":null,"thumbnail":{"url":"https://assets.nicepagecdn.com/3dd52471/5980303/images/thumbnails/square-payments-logo-png-transparent-background-vertical.png","width":150,"height":95},"usages":["287359433","101246606","23002380"]},{"id":"user-image-Google-Cloud-Logo.png","fileName":"Google-Cloud-Logo.png","name":"Google-Cloud-Logo","publicUrl":"https://assets.nicepagecdn.com/3dd52471/5980303/images/Google-Cloud-Logo.png","size":68050,"hash":"n8HDaAr+rHMvndTzd2kupAApsr0=","width":1920,"height":1920,"folderId":null,"thumbnail":{"url":"https://assets.nicepagecdn.com/3dd52471/5980303/images/thumbnails/Google-Cloud-Logo.png","width":150,"height":150},"usages":["287359433","101246606","23002380"]},{"id":"user-image-download1.png","fileName":"download1.png","name":"download1","publicUrl":"https://assets.nicepagecdn.com/3dd52471/5980303/images/download1.png","size":29031,"hash":"Ypg/GXpgFd+d9DQ/5QbtnHcTRz4=","width":1000,"height":255,"folderId":null,"thumbnail":{"url":"https://assets.nicepagecdn.com/3dd52471/5980303/images/thumbnails/download1.png","width":150,"height":38},"usages":["287359433","101246606","23002380"]},{"id":"user-image-borufi-construction.png","fileName":"borufi-construction.png","name":"borufi-construction","publicUrl":"https://assets.nicepagecdn.com/3dd52471/5980303/images/borufi-construction.png","size":22112,"hash":"f/V4L0XAGTO4vM9/o5NZF4OP1fM=","width":300,"height":216,"folderId":null,"thumbnail":{"url":"https://assets.nicepagecdn.com/3dd52471/5980303/images/thumbnails/borufi-construction.png","width":150,"height":108},"usages":["287359433","23002380"]},{"id":"user-image-ab-high-resolution-logo-black-on-transparent-background.png","fileName":"ab-high-resolution-logo-black-on-transparent-background.png","name":"ab-high-resolution-logo-black-on-transparent-background","publicUrl":"https://assets.nicepagecdn.com/3dd52471/5980303/images/ab-high-resolution-logo-black-on-transparent-background.png","size":43685,"hash":"tS6L2uN3NLin32nQ1DXtgwSgaac=","width":2000,"height":1247,"folderId":null,"thumbnail":{"url":"https://assets.nicepagecdn.com/3dd52471/5980303/images/thumbnails/ab-high-resolution-logo-black-on-transparent-background.png","width":150,"height":94},"usages":["287359433","23002380"]},{"id":"user-image-bluesite-high-resolution-logo-white-on-transparent-background.png","fileName":"bluesite-high-resolution-logo-white-on-transparent-background.png","name":"bluesite-high-resolution-logo-white-on-transparent-background","publicUrl":"https://assets.nicepagecdn.com/3dd52471/5980303/images/bluesite-high-resolution-logo-white-on-transparent-background.png","size":45008,"hash":"9ZXc6pZoRypnEOhU5Jlrg10XFcI=","width":2000,"height":510,"folderId":null,"thumbnail":{"url":"https://assets.nicepagecdn.com/3dd52471/5980303/images/thumbnails/bluesite-high-resolution-logo-white-on-transparent-background.png","width":150,"height":38},"usages":[]},{"id":"user-image-logo.png","fileName":"logo.png","name":"logo","publicUrl":"https://assets.nicepagecdn.com/3dd52471/5980303/images/logo.png","size":102061,"hash":"zjTlXvg4MwgeRfDOmsLWCjQA8SQ=","width":317,"height":338,"folderId":null,"thumbnail":{"url":"https://assets.nicepagecdn.com/3dd52471/5980303/images/thumbnails/logo.png","width":141,"height":150},"usages":["287359433","23002380"]},{"id":"user-image-ab-high-resolution-logo-white-on-transparent-background.png","fileName":"ab-high-resolution-logo-white-on-transparent-background.png","name":"ab-high-resolution-logo-white-on-transparent-background","publicUrl":"https://assets.nicepagecdn.com/3dd52471/5980303/images/ab-high-resolution-logo-white-on-transparent-background.png","size":43684,"hash":"g6x2d4Yqg2sF7f6+suY4oupNJIE=","width":2000,"height":1247,"folderId":null,"thumbnail":{"url":"https://assets.nicepagecdn.com/3dd52471/5980303/images/thumbnails/ab-high-resolution-logo-white-on-transparent-background.png","width":150,"height":94},"usages":[]},{"id":"user-image-primary-color-white-foreground.png","fileName":"primary-color-white-foreground.png","name":"primary-color-white-foreground","publicUrl":"https://assets.nicepagecdn.com/3dd52471/5980303/images/primary-color-white-foreground.png","size":7483,"hash":"kGW3X9vJzBZIQXASzjb5I2nFnq8=","width":250,"height":45,"folderId":null,"thumbnail":{"url":"https://assets.nicepagecdn.com/3dd52471/5980303/images/primary-color-white-foreground.png","width":250,"height":45},"usages":["287359433","23002380"]},{"id":"user-image-10644631.png","fileName":"10644631.png","name":"10644631","publicUrl":"https://assets.nicepagecdn.com/3dd52471/5980303/images/10644631.png","size":3443,"hash":"21npMDq0tYN4WN2gg+p+aXYTMJE=","width":128,"height":128,"folderId":null,"thumbnail":{"url":"https://assets.nicepagecdn.com/3dd52471/5980303/images/10644631.png","width":128,"height":128},"usages":["287359433","23002380"]},{"id":"user-image-820854.png","fileName":"820854.png","name":"820854","publicUrl":"https://assets.nicepagecdn.com/3dd52471/5980303/images/820854.png","size":5329,"hash":"ULpxNE19ZIG3YcLG9M/fELLgI70=","width":128,"height":128,"folderId":null,"thumbnail":{"url":"https://assets.nicepagecdn.com/3dd52471/5980303/images/820854.png","width":128,"height":128},"usages":[]},{"id":"user-image-201153.png","fileName":"201153.png","name":"201153","publicUrl":"https://assets.nicepagecdn.com/3dd52471/5980303/images/201153.png","size":2083,"hash":"jez2Evab61jL6BRI8HIhZ1SyQag=","width":128,"height":128,"folderId":null,"thumbnail":{"url":"https://assets.nicepagecdn.com/3dd52471/5980303/images/201153.png","width":128,"height":128},"usages":["287359433","23002380"]},{"id":"user-image-388531.png","fileName":"388531.png","name":"388531","publicUrl":"https://assets.nicepagecdn.com/3dd52471/5980303/images/388531.png","size":3509,"hash":"u9mMTJ+uQUfMoOzC/yimGHSkxyU=","width":128,"height":128,"folderId":null,"thumbnail":{"url":"https://assets.nicepagecdn.com/3dd52471/5980303/images/388531.png","width":128,"height":128},"usages":["287359433","23002380"]},{"id":"user-image-6868934.png","fileName":"6868934.png","name":"6868934","publicUrl":"https://assets.nicepagecdn.com/3dd52471/5980303/images/6868934.png","size":3743,"hash":"t1Tjk7yITiGI9+wz2Mhk1gUl9oU=","width":128,"height":128,"folderId":null,"thumbnail":{"url":"https://assets.nicepagecdn.com/3dd52471/5980303/images/6868934.png","width":128,"height":128},"usages":["287359433","23002380"]},{"id":"user-image-9285955.png","fileName":"9285955.png","name":"9285955","publicUrl":"https://assets.nicepagecdn.com/3dd52471/5980303/images/9285955.png","size":3628,"hash":"7aGwtPxL6EfX/LC42fmM2Txa1A4=","width":128,"height":128,"folderId":null,"thumbnail":{"url":"https://assets.nicepagecdn.com/3dd52471/5980303/images/9285955.png","width":128,"height":128},"usages":["287359433","23002380"]},{"id":"user-image-7444876.png","fileName":"7444876.png","name":"7444876","publicUrl":"https://assets.nicepagecdn.com/3dd52471/5980303/images/7444876.png","size":3005,"hash":"m7HG/x933zPktu4EUwNTHdy1oqo=","width":128,"height":128,"folderId":null,"thumbnail":{"url":"https://assets.nicepagecdn.com/3dd52471/5980303/images/7444876.png","width":128,"height":128},"usages":[]},{"id":"user-image-10482693.png","fileName":"10482693.png","name":"10482693","publicUrl":"https://assets.nicepagecdn.com/3dd52471/5980303/images/10482693.png","size":960,"hash":"SIFQC3Nfp7JkWvh/kBbWXdZlcio=","width":128,"height":128,"folderId":null,"thumbnail":{"url":"https://assets.nicepagecdn.com/3dd52471/5980303/images/10482693.png","width":128,"height":128},"usages":["287359433","23002380"]},{"id":"user-image-Untitleddesign6.png","fileName":"Untitleddesign6.png","name":"Untitleddesign6","publicUrl":"https://assets.nicepagecdn.com/3dd52471/5980303/images/Untitleddesign6.png","size":40960,"hash":"eUn1c8YJupIzCJICiLQxAaoq0Vc=","width":512,"height":512,"folderId":null,"thumbnail":{"url":"https://assets.nicepagecdn.com/3dd52471/5980303/images/thumbnails/Untitleddesign6.png","width":150,"height":150},"usages":["287359433"]},{"id":"user-image-business-3d-businessman-in-black-suit-looking-at-phone.png","fileName":"business-3d-businessman-in-black-suit-looking-at-phone.png","name":"business-3d-businessman-in-black-suit-looking-at-phone","publicUrl":"https://assets.nicepagecdn.com/3dd52471/5980303/images/business-3d-businessman-in-black-suit-looking-at-phone.png","size":217206,"hash":"wb+LLsRa/x9qsrhg+i4UM4ctIH0=","width":368,"height":514,"folderId":null,"thumbnail":{"url":"https://assets.nicepagecdn.com/3dd52471/5980303/images/thumbnails/business-3d-businessman-in-black-suit-looking-at-phone.png","width":107,"height":150},"usages":["287359433","23002380"]},{"id":"user-image-logo-w.png","fileName":"logo-w.png","name":"logo-w","publicUrl":"https://assets.nicepagecdn.com/3dd52471/5980303/images/logo-w.png","size":7631,"hash":"KaBGrzcNFycNIy88Q7/SuoRGr2c=","width":250,"height":45,"folderId":null,"thumbnail":{"url":"https://assets.nicepagecdn.com/3dd52471/5980303/images/logo-w.png","width":250,"height":45},"usages":[]},{"id":"user-image-logo-b.png","fileName":"logo-b.png","name":"logo-b","publicUrl":"https://assets.nicepagecdn.com/3dd52471/5980303/images/logo-b.png","size":7741,"hash":"u7fguaGhnC7ZRTp5ZG6NRH9bfrA=","width":250,"height":45,"folderId":null,"thumbnail":{"url":"https://assets.nicepagecdn.com/3dd52471/5980303/images/logo-b.png","width":250,"height":45},"usages":[]}]