[{"id":351415325,"title":"Blog Template","order":1,"templateKey":"blog","customTemplate":false,"customTemplateFilename":null,"pageLinks":["14","13","12","11","10","9","8","7","6","5","4","3","2","1"],"dateCreated":"2023-10-03T11:26:15.937Z","dateUpdated":"2023-10-05T08:51:50.872Z","folderId":null,"pageName":"Blog Template","serverPageId":null,"status":2},{"id":949200290,"title":"Post Template","order":2,"templateKey":"post","customTemplate":false,"customTemplateFilename":null,"pageLinks":[],"dateCreated":"2023-10-03T11:26:16.167Z","dateUpdated":"2023-10-05T10:36:43.527Z","folderId":null,"pageName":"Post Template","serverPageId":null,"status":2},{"id":1846201213,"title":"Product List Template","order":3,"templateKey":"products","customTemplate":false,"customTemplateFilename":null,"pageLinks":[],"dateCreated":"2023-10-03T11:26:16.309Z","dateUpdated":"2023-10-04T16:20:52.199Z","folderId":null,"pageName":"Product List Template","serverPageId":null,"status":2},{"id":30057886,"title":"Product Details Template","order":4,"templateKey":"product","customTemplate":false,"customTemplateFilename":null,"pageLinks":[],"dateCreated":"2023-10-03T11:26:16.428Z","dateUpdated":"2023-10-03T11:26:21.262Z","folderId":null,"pageName":"Product Details Template","serverPageId":null,"status":2},{"id":1780209765,"title":"Shopping Cart Template","order":5,"templateKey":"cart","customTemplate":false,"customTemplateFilename":null,"pageLinks":[],"dateCreated":"2023-10-03T11:26:16.539Z","dateUpdated":"2023-10-03T11:26:21.262Z","folderId":null,"pageName":"Shopping Cart Template","serverPageId":null,"status":2},{"id":502705461,"title":"Login Template","order":7,"templateKey":"login","customTemplate":false,"customTemplateFilename":null,"pageLinks":[],"dateCreated":"2023-10-03T11:26:16.682Z","dateUpdated":"2023-10-03T11:26:21.262Z","folderId":null,"pageName":"Login Template","serverPageId":null,"status":2},{"id":67416718,"title":"Password Template","order":8,"templateKey":"password","customTemplate":false,"customTemplateFilename":null,"pageLinks":[],"dateCreated":"2023-10-03T11:26:16.765Z","dateUpdated":"2023-10-03T11:26:21.262Z","folderId":null,"pageName":"Password Template","serverPageId":null,"status":2},{"id":197032909,"title":"404 Not Found Template","order":9,"templateKey":"404","customTemplate":false,"customTemplateFilename":null,"pageLinks":["287359433"],"dateCreated":"2023-10-03T11:26:16.838Z","dateUpdated":"2023-10-04T16:21:58.070Z","folderId":null,"pageName":"404 Not Found Template","serverPageId":null,"status":2},{"id":1077420400,"title":"Thank You Template","order":10,"templateKey":"ThankYou","customTemplate":false,"customTemplateFilename":null,"pageLinks":[],"dateCreated":"2023-10-03T11:26:16.900Z","dateUpdated":"2023-10-04T16:22:41.911Z","folderId":null,"pageName":"Thank You Template","serverPageId":null,"status":2},{"id":287359433,"title":"home","order":102,"templateKey":null,"customTemplate":false,"customTemplateFilename":null,"pageLinks":["14","13","12","11","10"],"dateCreated":"2023-10-03T11:35:51.200Z","dateUpdated":"2023-10-05T08:40:48.776Z","folderId":null,"pageName":"home_287359433","serverPageId":null,"status":2},{"id":23002380,"title":"about","order":102.5,"templateKey":null,"customTemplate":false,"customTemplateFilename":null,"pageLinks":[],"dateCreated":"2023-10-03T11:35:51.200Z","dateUpdated":"2023-10-05T11:46:15.508Z","folderId":null,"pageName":"about_23002380","serverPageId":null,"status":2},{"id":101246606,"title":"features","order":103,"templateKey":null,"customTemplate":false,"customTemplateFilename":null,"pageLinks":[],"dateCreated":"2023-10-04T16:37:20.722Z","dateUpdated":"2023-10-05T11:05:35.651Z","folderId":null,"pageName":"features_101246606","serverPageId":null,"status":2},{"id":27486958,"title":"contact","order":104,"templateKey":null,"customTemplate":false,"customTemplateFilename":null,"pageLinks":[],"dateCreated":"2023-10-05T11:47:16.884Z","dateUpdated":"2023-10-05T12:16:58.665Z","folderId":null,"pageName":"contact_27486958","serverPageId":null,"status":2},{"id":47570226,"title":"tsandcs","order":105,"templateKey":null,"customTemplate":false,"customTemplateFilename":null,"pageLinks":[],"dateCreated":"2023-10-05T12:18:28.237Z","dateUpdated":"2023-10-05T12:46:24.526Z","folderId":null,"pageName":"tsandcs_47570226","serverPageId":null,"status":2}]